ID,roi_10_coords_-24_-39_-2_roi.mat,roi_11_coords_-38_7_-12_roi.mat,roi_12_coords_-39_-6_8_roi.mat,roi_13_coords_-41_-17_-4_roi.mat,roi_14_coords_-6_-88_-3_roi.mat,roi_15_coords_-11_-18_-19_roi.mat,roi_16_coords_-47_29_27_roi.mat,roi_17_coords_-8_14_-6_roi.mat,roi_18_coords_-14_0_3_roi.mat,roi_19_coords_-9_44_-2_roi.mat,roi_1_coords_-6_-6_28_roi.mat,roi_20_coords_-37_-20_19_roi.mat,roi_21_coords_-6_-37_27_roi.mat,roi_22_coords_-13_-72_40_roi.mat,roi_23_coords_-17_7_-10_roi.mat,roi_24_coords_-22_-46_63_roi.mat,roi_25_coords_-8_-16_1_roi.mat,roi_26_coords_6_-6_28_roi.mat,roi_27_coords_11_18_4_roi.mat,roi_28_coords_48_7_1_roi.mat,roi_29_coords_8_-69_23_roi.mat,roi_2_coords_-10_14_9_roi.mat,roi_31_coords_38_10_14_roi.mat,roi_32_coords_34_41_-12_roi.mat,roi_35_coords_24_-39_-2_roi.mat,roi_36_coords_35_11_-4_roi.mat,roi_37_coords_41_-8_-6_roi.mat,roi_38_coords_36_-12_6_roi.mat,roi_39_coords_6_-88_-3_roi.mat,roi_3_coords_-50_-2_1_roi.mat,roi_40_coords_7_-20_-14_roi.mat,roi_41_coords_35_29_29_roi.mat,roi_42_coords_8_11_-6_roi.mat,roi_43_coords_25_-11_-4_roi.mat,roi_44_coords_13_44_16_roi.mat,roi_45_coords_38_-20_19_roi.mat,roi_46_coords_6_-37_27_roi.mat,roi_47_coords_6_-61_56_roi.mat,roi_48_coords_25_4_3_roi.mat,roi_49_coords_22_-46_63_roi.mat,roi_4_coords_-8_-69_23_roi.mat,roi_50_coords_6_-16_2_roi.mat,roi_6_coords_-38_10_10_roi.mat,roi_7_coords_-25_33_-16_roi.mat,roi_8_coords_-30_26_-5_roi.mat
2001,-0.699227695,3.187444918,-0.09164959,3.124841072,0.154161858,0.589019079,-0.02017101,0.635584125,-1.411372213,1.482485314,-0.907311466,-0.208472096,-3.763854175,-0.455729252,1.224623474,-2.247149071,1.886445058,0.83442647,1.451303166,0.709536959,3.293470795,-0.316991051,1.45951349,2.53145057,-0.9678258,1.745861841,2.293470158,3.130133089,-0.824863983,-1.017223625,1.547277358,-0.687492775,1.596089473,2.203164713,0.59584446,-0.00134857,-2.251123527,1.462677303,-0.43210262,-2.713328706,0.565788393,5.215838072,3.502656928,-0.538325429,1.595490001
2002,1.461487851,1.641693538,0.50644492,0.835297473,-3.08804441,3.916234933,-4.167513879,3.451679212,0.826855018,-0.561869414,2.672107221,0.197705868,-1.805471215,-3.647141639,2.775425579,1.988912834,2.704942335,0.347989195,3.570849537,-2.370655764,-2.197158189,3.578760095,-1.994768676,0.055133283,2.249099796,0.102039093,0.326464738,-1.474324027,0.240921481,-1.536223603,0.713103668,0.79899359,1.603975638,-2.604279418,0.665144347,-2.709284976,-1.997277441,1.360288177,-1.699386452,-1.191192069,-2.751381513,0.526692523,-1.520690083,-3.046709299,-0.355868655
2003,-0.927135734,4.972124444,6.921292654,3.767893745,-5.780169004,2.856420535,-2.103496117,2.813427552,0.716531122,4.11327624,2.482782611,3.849962255,-0.657908287,-0.652065147,2.734888606,-0.179701063,4.402381459,1.520472247,2.808018542,3.481849628,4.332199984,4.60770822,-0.477300934,2.194746614,1.54168708,2.347423378,0.635362602,5.373290868,3.358549543,2.682856054,3.449111283,2.961056504,2.73257379,0.640935322,1.297366598,2.152108275,1.890754232,-2.812059383,2.532855701,1.586077149,3.010399143,3.790634564,1.004023395,-1.746790886,-1.479158008
2004,1.044508879,1.072515243,-2.400820376,1.549860703,-1.045403554,1.038286191,4.584566527,3.539467871,0.741968003,-0.488140033,-2.798932258,-2.033354986,2.950095841,-0.375971088,-0.788304745,2.67661529,0.954820667,-0.257378541,-1.326630182,0.045243512,1.54856207,3.235611623,-0.469690559,1.237047076,1.003237291,1.851175656,1.144918725,1.143940194,6.058434186,-1.049068627,-2.537847275,0.437327486,0.171423424,1.596169758,-1.329282446,-0.192798625,4.367186402,-0.517681822,1.341314392,-1.169595516,-2.867920307,-0.055495753,0.238377315,1.231576324,0.059536686
2006,-0.029954063,0.168537869,-0.389944342,0.434047485,0.327049511,1.538435322,4.048135218,0.412951498,1.210199791,-1.584064991,-2.97832128,1.067695322,-2.725180322,-0.892961241,2.231077733,0.838804663,3.373236667,-2.095034709,-1.343279505,0.525743281,0.205127179,0.352647614,-0.133553689,0.717058897,-0.517698108,1.33280953,-1.972702721,-1.764673966,2.93511331,-1.083353651,1.148481946,1.267157371,1.002619195,-0.462743378,2.180137476,-4.30947931,-1.500928453,2.063190107,-1.767858337,0.430857836,-4.772081241,4.813465476,0.309640225,0.853596687,1.000209107
2007,4.415988266,2.960921159,6.269139045,4.239319431,1.421689897,0.937223147,1.817014716,-0.206263847,2.414724289,1.213281544,1.301731542,2.687253763,0.772999803,0.28760065,-1.57100829,2.668513212,2.246160653,-0.543534116,1.213151833,0.822712747,2.84722252,0.113781631,1.608769297,-1.143642128,4.21683665,2.613929626,4.159014872,2.83511646,2.079630908,3.04350393,2.163134506,-0.738072682,0.418909484,0.528843872,2.389575589,2.18414517,-1.868370937,1.006043943,2.373375703,0.505765872,3.905749811,-1.994239816,4.174706384,-1.788235307,0.563302868
2008,1.713490787,3.257535447,3.277937222,5.547755378,-3.619701844,1.391507373,-1.547176082,-2.187667915,0.21744033,2.069880228,1.918850231,-0.585244004,1.669633469,-1.613701586,1.050094501,-1.17539515,1.158095231,1.476208705,-0.70254567,2.123781662,-0.295642412,-1.50995712,-0.551903324,0.184998512,0.314466944,0.338787035,1.002732103,1.01536234,1.852218397,2.466844479,1.010012972,-0.90327424,-1.008284782,1.664640537,1.89673244,2.094428763,1.382047478,-0.152881814,2.705194154,-0.002206567,0.692636336,4.378530394,-0.08295589,2.091080427,1.004962813
2009,3.010249164,-0.336933204,0.829806449,-3.210074385,1.432607315,-0.674158961,1.802593361,-0.664182401,-1.456715461,-0.769818652,0.013847164,-0.524948432,-0.251631001,1.470688159,1.87898152,-0.088962883,2.1988714,0.020687495,-1.569071927,-0.025150721,-3.030145664,-0.912269141,1.593003384,0.042818993,0.093748608,-1.304535817,-3.202070476,-2.396226201,0.538136818,0.914793594,-0.100995299,1.972581678,-3.307118932,-0.45330351,1.318955332,-3.291558449,-1.101181004,-2.824410597,-0.587241689,-1.416862733,-2.946039862,2.875673297,-0.934490325,-0.39342463,2.113217787
2010,-0.537206518,0.373809141,2.525798381,-1.087138404,-2.995901107,0.526839548,-3.53174708,-2.860793319,-1.499962987,-2.898991087,-1.146178709,-0.040445701,0.123513269,0.149476645,-0.871914269,-3.674247576,-6.570959141,-0.007522421,2.677430854,-3.463850053,-3.460094662,-0.331752311,-1.918337033,0.052830219,-2.408368915,-1.7027633,-2.400271023,-2.334308699,2.55673455,-2.144385386,-4.715811021,0.663411946,-0.161232599,0.632043085,-0.916157588,2.257673169,2.672713485,1.993802237,-0.008551078,-0.089886123,-6.083023671,-6.713438067,-0.726269754,-0.987043262,0.419593267
2011,0.438216393,1.483969917,0.573451628,-1.437637401,-1.353060542,1.011955256,1.075217301,1.508622414,1.667385484,2.153305723,-1.122041977,-0.716708662,-1.543258256,-3.05489688,-0.001089358,-0.336102807,3.585409783,1.358550599,2.410482243,0.452700899,-2.407947051,2.420153226,0.105794948,1.337692738,0.088037824,-0.389922487,-1.487229627,0.312083476,3.148667309,-0.841180239,3.072064579,-0.431495339,3.467577124,-1.491534002,1.065981885,-1.787397533,-0.64453879,-1.374107094,-2.051168821,-1.856859776,-1.171113289,2.640447259,-0.432322533,1.695530415,0.978251578
2012,-1.205479848,2.123828831,4.768067871,2.295822779,-0.569243501,5.352601077,-1.076936273,2.161540247,-0.428946973,0.368898037,3.055553366,0.222649325,-4.098880949,-1.152313889,2.150759711,1.714938399,7.630228157,0.771434412,-2.549422543,0.906953586,-4.120629752,-1.509753751,2.943375154,2.124282837,1.566357688,2.352229516,3.460023576,-1.567568411,-0.401603662,3.024035552,1.12504002,-0.831614447,-1.419593064,1.009129308,0.113857576,0.239800105,-4.694701702,-1.83359424,0.5452985,0.307640406,-4.186693667,2.586775119,0.305486384,1.045047641,0.912914387
2013,0.909817725,-0.103574364,1.273250502,-1.063039637,2.058528344,-2.335867499,3.440981734,1.483522586,0.191412768,1.746043834,-0.84008017,-1.538800993,0.303783769,4.22450996,1.64654082,-1.500187717,2.070585242,0.016586859,2.194170717,-1.189113485,1.283412039,1.695629068,0.071781347,-0.447079539,0.804589251,1.300467046,-0.376133535,0.110579669,3.822505627,-1.347618683,-3.903530695,2.681739406,3.527501228,-2.280406891,1.554519852,-3.29106963,-0.191083914,-3.182224268,-1.143004267,-2.401892338,1.40488168,0.028358062,-1.597315816,1.493795872,0.188300813
2014,0.614984953,1.495519469,2.04607332,1.460364101,-4.503183269,0.176508666,-2.472794226,-2.258833259,-1.79287522,1.915496334,-1.130761522,-0.255997111,1.506934818,-1.504900873,-2.218479834,-0.233107143,-1.366156335,-0.540957733,-0.185564572,-1.076212632,0.124627581,-3.417048143,1.367860197,3.2340976,1.396902469,-1.316733783,1.432045241,-0.197610079,3.720237145,-0.055699903,0.850651143,0.388658055,-0.424235458,-0.2712545,1.227920188,-1.558482497,1.775244778,1.97230437,-2.972813563,-1.768694488,0.215921858,-0.833580017,-1.275321612,0.457111418,-1.833928377
2015,8.269087091,0.313472946,2.560338571,-1.604902203,-1.511170498,-0.647000574,8.548953704,0.874224596,1.94856198,-1.83656556,-13.78940847,-0.254414265,-3.816387199,0.997403411,-2.026697133,-0.12921977,1.713554749,-11.2907623,-0.634938407,-1.315694138,4.874667185,18.54714841,3.02582222,-0.689508438,5.52534307,1.101457359,1.514981262,-1.750875462,6.579558526,-1.683249917,2.088258546,2.901667915,0.841274685,-2.166418417,1.635325978,-4.373799503,2.731607415,5.725848908,-2.371693834,0.965798563,-6.635985931,-1.672103314,-1.37124824,-4.776422501,-2.203136352
2016,-1.397008485,1.981298444,4.273219689,2.96063865,2.483445568,1.623947007,0.252213226,0.304087358,1.305483638,0.520192372,1.894816665,-0.019488654,2.492357442,2.219712974,1.232173083,1.248296659,5.052722541,-3.270668805,3.936307598,1.924776632,-0.997947538,1.254642041,-0.264187047,0.092679635,-0.39510689,4.638956869,2.740063764,1.481470862,0.1902513,2.471071959,-0.00550997,-1.279667875,-1.972122285,0.526106399,-0.39436738,0.881699163,-0.312671427,5.248347964,2.525921756,-0.73048889,-4.007371898,6.118239181,2.382842079,-1.689148426,3.011659472
2017,0.632120051,2.325139107,1.597251426,1.985166779,-2.939881426,-1.938550813,-0.242398006,0.319052767,-0.226316675,0.933218324,0.830393184,0.610007367,0.410009805,0.575658186,-1.310999949,0.722567241,1.046593744,2.447819418,1.151756342,-0.85522003,-1.132465938,-0.450679703,0.293161177,0.299690545,-1.703555499,0.54911533,-0.577036715,-1.602742906,5.612897164,1.643296268,0.299301026,0.390880569,1.478309069,-0.397116239,0.884949022,0.947792086,0.578807719,3.322751448,-0.922521265,-0.11530971,2.999436145,2.526372069,-0.068207382,0.303992271,-1.587356214
2018,-1.068684057,-1.826803831,-0.51029687,-3.508911857,-1.592686636,0.149935734,-6.483048201,-3.029641647,-2.828373093,0.470080125,-0.893358327,-1.76232099,-0.010782265,-3.139462393,-1.350404097,-3.087681626,-5.879769822,-0.374241838,-0.018306513,-2.302383375,-2.976880998,-1.998018153,-2.469334923,-1.45990169,-2.170749398,-3.777665418,-1.423525955,-0.006988066,0.708241418,-1.337847279,-3.835379518,-0.609291474,-3.662123156,-4.87872311,-1.139639204,-0.773963091,1.902881174,-2.704508107,-2.994014251,-2.401561458,-4.813805058,-3.340290812,-0.708133912,4.002747536,-0.026926666
2019,3.03947925,3.464833092,3.288619074,-0.298671302,-0.687331098,-2.296796678,-1.629916572,-0.762975929,2.432440806,1.99818175,1.131998775,0.713003273,0.395022246,1.743289924,0.403770414,0.421136636,2.618465775,1.207630039,-1.269436903,0.281427811,2.997868231,-1.211319595,-4.538136706,1.595656753,1.773175844,0.284357388,2.33243455,-0.090902651,4.039656322,1.609530059,1.384939492,2.053130935,1.679283428,-1.41538554,1.137821005,-1.340291791,2.056407016,-1.634562445,-0.280647356,0.095154766,1.463324948,0.664487526,-1.502747589,-0.337787151,0.245952895
2020,-1.406463295,1.498253049,0.933436837,-0.443348961,1.652727073,-1.670472504,0.822318409,0.441278645,-0.51674542,-0.11418061,-0.183809022,-0.573733119,-2.024641474,0.685184142,0.283689923,0.151763902,2.258128635,-1.499208496,-0.306107723,-1.094205522,-0.548473565,-1.266163193,1.2812903,-1.333766729,-0.639043239,-1.757889288,0.175673524,3.170452163,-1.663373462,0.311101932,0.007709937,0.57984969,1.016598867,1.953504979,0.07374917,-0.618950446,0.700513325,0.375334802,1.773510082,0.906801683,-0.954499668,4.433950743,-0.352536516,0.557487011,-0.761630891
2021,1.550716091,0.974031061,1.810442214,0.21214534,0.1601795,1.713153646,1.32173432,0.267485356,-0.185623409,-1.867095733,-0.236106422,1.008890574,4.01372529,0.744265337,0.474175629,1.694432939,-2.166416344,0.114603632,-1.284141058,-0.457421944,0.264201991,-1.792138397,-0.40078324,-2.061913133,1.683044761,-1.848747464,0.836464439,-1.860925771,2.59868854,0.151685746,-0.522849153,0.295504563,-1.821223076,-1.397814172,-1.750440021,-0.419623893,5.107979148,0.304923161,-0.578528952,0.888302722,-0.557915593,-3.279732287,0.169268385,-3.684132814,-0.818047025
2023,3.200326752,2.003014092,2.651453116,-0.537092278,-4.011808094,-1.134347133,7.183189424,1.056746624,2.197440277,0.489355381,-1.227445883,-4.656037723,-5.182528931,-2.733874986,1.17306531,-0.676142268,-0.795538829,-2.755111411,-0.465150366,2.406502106,-5.080905026,-1.693044641,4.73840579,1.544132292,-0.247279309,0.721173441,1.701670253,1.906807065,0.081517019,-1.35159234,-0.577764446,0.326499284,0.926355257,1.658504511,-2.444187622,-1.090124078,-5.937059877,-0.965744349,2.267832344,-1.567517418,-2.553954617,3.530579137,1.324000573,-0.957689524,0.394663926
2024,2.691988318,-7.719434339,0.286149843,-1.223059971,-0.332798456,3.21263131,-3.526688815,2.549739439,0.299127562,1.469405774,-4.771519397,1.760012284,0.545455573,-1.020343025,4.371077091,0.93872109,6.384149046,-5.076191809,-2.268049551,-1.0852126,-4.348562627,-3.773564966,-3.501269862,1.388846815,1.690598771,0.609186664,-5.077380327,1.30816412,3.753614845,-1.637884041,-1.613665485,0.326520928,2.129121733,-0.507668973,-1.863635366,-2.311256664,1.252245559,1.858182642,0.26883965,0.660484026,-4.97924657,2.918634258,1.664504799,1.889532208,0.372164937
2025,2.793398736,2.334494615,0.293913938,1.452726687,4.261153285,5.674932895,1.56671093,-0.101356241,2.567712008,4.939623352,4.413018859,1.605284178,2.960802864,3.891639439,-0.125036062,0.21901721,-3.209276151,3.537522681,-0.590226672,-1.784407375,2.488794691,0.049703674,2.285090334,1.380920947,2.849744473,1.667952097,0.093616057,-1.663252601,6.855313747,-1.269025525,10.56826155,-0.051830012,-1.185591607,-1.3278315,2.772771328,4.144928078,6.154811538,0.467101459,0.474963588,1.910057326,1.170778393,-3.727737479,-1.339879848,3.674237728,4.218292413
2026,-0.945579397,0.296876642,0.329905946,-2.166852654,-1.681026535,-0.043599898,0.543082477,1.034773902,1.337305203,-0.183145036,-1.004173055,-0.05485549,1.992464871,3.064740373,0.362337977,-1.716473288,-7.346329971,2.555452882,0.136877592,-1.566640371,2.116053664,0.089336995,-0.209455434,0.173653424,-2.371909599,-2.85536702,-0.365744939,-3.282278104,3.681508805,-0.988360215,-0.023570408,-3.073819734,3.341321884,-4.403708888,-1.197456922,-4.909680339,3.414215588,-0.86513512,-2.321897057,-2.935009506,3.850631551,-5.167036416,0.477695854,0.266842782,0.243377184
2028,0.242967627,-4.225594684,1.806966995,-1.483225671,-4.111904265,-2.399432569,2.695711754,-1.248786942,-0.149327274,-2.330003438,-0.510059417,0.603877633,-4.87472864,-2.512406287,-0.626705744,0.123983971,-2.078162452,-2.57952115,-3.096580076,-2.297531736,-2.843137788,-0.318843707,1.063741858,0.168751821,-2.155909285,-0.58687615,-2.909938549,-5.565831533,4.253335449,-2.064706918,-3.812659564,-1.73491523,-1.911779973,-4.468990119,-0.832905343,-2.191217605,-5.951269761,-1.512261342,-1.708921682,-0.990793886,-4.84246696,-2.382293964,4.257484994,-0.267644584,1.754968758
2029,1.004659188,0.42000975,1.696690442,-2.45214633,-1.268783654,1.170369494,-3.109878131,0.124506034,-1.918717959,-1.336317414,-3.665819584,0.065610558,0.005180525,-2.96575502,0.922156986,-3.053297218,-0.633131575,-6.629495985,-0.578912984,0.183974058,-1.643010902,-0.703382924,-1.090103344,0.607287318,2.036070272,0.989011584,2.06229191,0.248256452,2.911577339,-0.435619084,0.944347318,1.160663837,1.834028471,3.630165391,-0.961502041,-1.534629766,-0.390190266,-1.596296254,3.146797976,-0.258952304,-2.494331245,0.687944186,-1.852338189,0.806745708,-1.453001781
2030,2.916829208,0.52739221,-0.282965342,-1.492344281,-4.756834152,6.410997063,-6.060766644,-1.678767609,-0.827760688,-0.18262705,3.427032617,1.017254422,-1.48075453,-0.791601597,-3.643792187,-0.88532885,2.637423296,6.114248421,-1.241274155,-1.414678682,-1.676857817,-1.673674036,0.468390897,-2.597446442,-0.317722305,-0.942543489,-0.93225504,2.59925224,0.665243134,-2.111122834,7.98675096,0.198359433,-2.075020707,2.59877943,-2.209419633,2.822348796,1.779553855,-6.261584821,1.491179354,1.883363404,-2.851645023,2.32802014,-5.737668609,-0.065356255,-0.641854639
2031,-1.04957403,6.683349081,0.571406562,-2.244878795,-4.808506938,-0.599096354,3.571171871,3.794077389,0.959988288,2.375599947,1.001685786,1.160076655,2.712240809,1.359274229,-0.099574334,-0.406595845,-0.703799978,0.665508107,0.941581846,-1.695815743,-2.129986737,3.350330518,3.515602483,0.762862504,-2.369540236,1.400487162,3.387231587,-1.432380976,-3.500872799,0.148345865,-0.011467711,-0.35505383,2.122640606,-0.62632358,0.731911562,0.067417294,2.571257671,-1.033660303,1.764604575,-1.132869556,-0.855544312,2.103016848,0.212283471,1.379399538,2.277602333
2032,0.641090001,1.328333964,2.533083938,-0.123049909,-1.029609339,1.237865056,0.637616679,1.164709623,1.207777197,0.03566238,3.945459217,2.80347201,-0.362378726,-4.527085535,-0.719633917,0.566273551,0.382926333,3.620571001,2.537494705,-1.606461293,-4.629306463,0.971383573,0.345635249,-0.088664636,1.489528284,-1.739398937,1.520102134,-0.00115537,1.041253405,-1.260459226,1.204452574,0.171416001,1.934605524,0.003026289,0.835079907,1.445013325,0.119102652,-1.200685258,0.382538641,-0.677031172,-4.43521659,0.04165326,-0.022764139,4.385160446,-2.002884385
2034,0.420958106,-0.501996506,0.887829402,-4.597539155,-0.785952011,-0.679506897,1.608679504,-0.403919838,2.502831831,0.060919988,3.656283417,-2.354072206,0.23709604,1.159144605,-2.194955582,0.719798804,3.623533932,2.384067588,4.060814367,2.327660051,-3.359081149,1.667292101,2.566976426,-1.600700796,2.865600541,3.526282535,-2.182483838,3.415867471,1.853797647,-3.735721808,-2.266563447,0.583126677,0.405718409,0.88894517,-1.01041634,-0.072595543,-0.101131555,2.659694904,0.523627912,-2.405491887,-2.278328093,3.338150297,3.688395625,1.595942736,0.735050331
2035,-0.295534998,2.679491434,-0.397767848,-0.39464361,1.754465516,-2.691947171,-3.514687558,-1.074018797,2.356227163,-2.647671125,-1.16878281,0.704972291,-7.982651929,0.151128412,1.106256833,0.19712886,-1.334907105,-4.270210814,-0.756654728,-1.735134883,-2.163526529,0.172089748,-1.987479168,1.415831447,-1.239921544,-0.016294981,-0.90819833,-1.760870484,4.712551305,-1.78724603,-0.547573486,-2.06450447,2.424479583,-1.073979357,0.560901477,-2.585712816,-5.072200324,-3.726676861,-1.806000725,-0.977304519,-5.282412699,-1.023180888,-1.914719829,0.034843788,-1.269521218
2036,-4.541591931,-0.477916006,-0.147440078,-4.096797938,-1.501664335,-4.410229498,3.978895295,0.07011897,-0.805707281,1.062541307,11.78784363,1.04704265,2.779403598,6.304789616,-0.212969326,-1.754927344,-13.14436932,16.80633866,-0.386025186,-0.412247785,0.909983643,0.762765513,3.32147157,-0.100026071,-2.30435827,2.017632015,-1.648557358,-6.364268754,1.849056181,2.825361296,-7.296948231,0.501428345,1.536065238,-6.311689127,-0.262575771,-0.907408414,2.732461665,2.59819612,-1.127200737,-1.932693603,-0.794810044,-11.07820825,2.354110659,1.871734977,1.580164318
2037,0.82564847,-1.21347838,-0.183809662,0.212148817,-5.319083166,3.304887349,-1.712278336,-0.337618118,-1.652506865,-1.822931141,1.923968874,-1.467735948,-1.955538823,-4.54901873,-1.918160513,-2.796110813,2.694639507,3.205412175,-5.519096286,-0.592662302,-4.706632991,-5.443194318,2.743984924,2.11321944,-0.166657636,-0.556382403,0.15973167,-0.325735796,4.11936913,-0.107082525,2.489707835,-1.119862821,-4.078649655,-1.141310736,1.072806032,-1.589837375,-0.267103998,-1.58944088,-1.810812498,-4.284442932,-5.664097447,2.795120586,-2.55246115,-0.36965704,-0.628480886
2038,0.181253775,-3.136327933,1.530008454,-0.245319897,-3.265375492,-2.850183845,-0.382794271,-2.517158783,-0.157296869,-2.371694073,-0.709659224,0.835812256,-2.535787952,1.344121384,-1.206289648,0.254477764,1.544267982,0.880973943,1.378119321,-3.670961572,1.165832584,0.52379164,-2.277991021,-1.697198212,0.995920728,0.088273389,0.816887168,-3.639254332,3.251867936,0.491964072,-0.172232341,1.946034367,-1.278090903,3.067773058,-0.733567287,0.140238367,-1.219778851,-2.940644094,-1.816778579,-1.581248812,-0.261272702,1.586937148,-4.158273883,-3.123737097,-3.789070251
2039,-2.516454007,-1.230961713,-0.533806767,-3.02120935,-3.288777954,0.311742589,-0.349445154,-2.669815002,1.308527832,-0.195898588,-1.794984686,-3.539466632,-0.75507146,-1.214044839,-0.121469018,-3.696678671,2.909408519,-2.81569556,2.005367035,0.399429143,-2.471938994,0.23094441,1.771149625,0.547794014,-1.579694306,0.506256151,-1.593173099,-0.437379101,-0.423898445,-3.984830319,0.454484025,0.695251432,1.706408477,0.01283018,0.419284869,-2.4592415,-0.430848513,0.39709088,0.695838708,-2.462516226,-2.343499885,2.7210693,-1.074307596,2.536246777,1.432249744
2041,1.410857685,2.13406371,3.468835662,1.011045976,-3.121493471,0.905756734,2.049625844,3.862168851,0.632368116,-0.745813596,6.98772194,0.826870015,-1.065205769,-0.709141074,-2.554871487,-1.056531627,-2.569889918,6.970115541,3.004841503,0.05126485,1.709096353,0.773237124,4.531141337,-0.186448723,-0.504437496,-2.497601751,-1.353674389,-1.970027938,5.561252469,-0.350263388,0.401468494,-0.092308759,-0.120671345,-2.187807004,0.388163623,0.779139824,-0.824213511,-0.627115418,0.686592429,-2.005928147,0.578930829,-4.229416004,2.300842182,-0.297931731,0.878865785
2042,1.155994761,1.925415052,4.017834688,0.828934689,-2.713496615,0.510257547,-1.855232842,-2.314926776,-0.18110381,0.348758812,-3.661373756,4.024574038,-1.106148677,-1.516514126,-0.722530387,-1.096234032,-2.280980034,-6.419870093,-0.463047031,2.053196761,-1.313226615,2.460152454,2.57249318,-0.02810514,0.332023519,1.942429491,-0.643306248,1.586004629,-0.858101432,0.762633329,-1.274425469,-3.353426788,-3.487943544,-4.993454136,1.056067559,1.192470226,-0.526200462,-4.467472582,-0.794198681,-2.492218847,-2.675473056,-2.305389232,4.157449344,2.547831297,2.531290627
2043,0.420802563,-0.339672298,3.196113347,-1.112034071,2.207386342,-9.428481489,-0.93261687,-1.056734939,-4.372220073,-2.211108086,2.048745959,0.38917168,0.913375578,-2.60127636,2.228355808,-0.462001055,-3.188803407,2.066802156,-1.129832687,-0.815217031,-5.330360073,-0.304696534,0.457445054,-2.924017787,-2.720597978,0.137505279,-0.784113717,-1.845508228,4.280002968,-1.388848766,-7.136820997,-2.343490378,-3.262504429,-3.648060439,2.495214563,3.273230846,-3.424240853,1.265537275,-1.271117714,-3.870381162,-4.880083359,-2.19661652,0.258935298,-0.462263882,1.327617702
2044,-5.267334357,4.714526121,0.43223224,2.21030239,-0.682704661,-2.97289612,3.485558586,1.555449365,-0.381951717,-0.682597279,3.247449411,-0.141348436,2.014536644,-0.440629867,1.2755868,1.297461949,-6.279995695,-1.515123256,1.981669637,0.087649605,0.048475947,1.556057861,1.626176107,0.563270748,-5.654678887,1.33559936,-3.374595836,-1.869678302,3.785437863,3.368444978,-4.247345322,0.061010034,3.298513223,-4.629507473,3.149058915,0.529756159,0.281264299,0.790668953,4.096429955,2.048369516,-2.159856496,-3.284252053,2.491262187,-1.11869216,1.382470068
2045,-0.251931063,0.247413402,2.481881384,-0.638905111,-5.185428739,0.524154334,-0.564688108,-0.66394995,0.623577254,-1.101844729,1.342439525,-0.455997142,0.803878048,1.036753109,-0.180502695,-1.252745644,3.358367662,-0.026695638,-1.820438897,-2.852122473,-0.457882657,-3.615734283,2.242090258,-2.212805122,-0.000466964,-2.991852158,1.988500781,1.838919531,0.588983248,-1.40491431,-0.14990155,-2.511176944,-2.796419407,2.090165485,2.082225335,-0.98525676,5.340044505,-1.699320931,-0.222720147,-3.302296479,-2.800615318,-0.667974985,1.916348817,0.837254941,-0.848216697
2046,-2.572342269,-1.979739191,-3.540959645,-1.913311513,-0.194116548,-2.546384888,-1.692484277,-0.644241856,0.033693689,1.478275292,-3.518889836,-2.776319341,-6.48429397,0.494627261,0.372796293,-1.672798489,4.276885159,-3.521716696,2.437008857,-2.781328188,0.725874776,0.361865564,2.356753878,-1.332413554,-2.929332716,-0.880123329,-0.604505977,-5.082943376,3.624941757,-3.844891434,-7.497201681,-4.791506401,0.534667237,-0.643870555,0.07755105,-2.620892273,-6.789473725,1.503595562,0.416964225,-2.270938745,2.900851023,4.335940238,0.22654244,-2.027508736,-1.179505326
2047,-1.421829803,-0.218907325,1.742581213,-2.164111731,-0.849924181,3.449977109,0.308148778,-1.655304755,-2.765542892,0.234923094,-2.374775406,0.559516567,-2.920887607,-0.922594299,-1.736872268,-0.895892908,-3.71025561,-1.536529998,-3.668472016,-4.860145325,-2.288656356,-0.747760773,-2.227192167,4.242146254,-0.778431,-3.621449996,-1.024451345,-3.638049963,1.752422995,-2.566991683,1.034325842,0.647478068,-1.56347841,-3.839096866,1.889060419,-2.890492638,-0.409514059,-4.200206365,-5.320370242,-2.941526071,-4.954433477,-3.295947544,-1.280595456,0.944096923,1.98922785
2048,-1.651650956,6.50707458,2.695140472,0.258515725,1.05181354,3.29225957,-1.366090309,1.182657625,1.893754304,2.04426225,2.411067491,1.812727729,-1.918109954,0.569494622,-1.626262509,-0.33628406,-4.917408247,1.028835891,2.213038253,-1.674077587,0.99546532,-0.679277115,-0.306943613,2.244826853,2.332582102,-0.998821834,-1.07539636,-0.536692847,4.984195144,3.998506173,-0.940621712,0.453162649,1.176387261,-2.72768464,0.416888067,-0.805863108,-1.06695087,-0.162042708,0.387138953,1.107111074,-0.905068281,-2.352577546,0.405580886,1.439426303,1.204154142
2049,-1.995928749,2.200229058,-0.960883447,-2.168158897,-0.884993513,1.292157128,0.092039527,-0.52057272,0.615455448,-0.060637924,3.165812338,-3.057211903,3.791306508,-0.379545231,-0.767767313,-0.275430551,-3.857589367,-0.630503819,1.199732708,0.047607121,-2.389084738,1.05409067,0.153642378,0.566453099,-1.747297473,0.996580895,3.903107177,1.750906091,9.120530176,-0.46113913,-1.774102622,-3.732804609,-0.836895949,-1.664290842,-1.015193642,-1.253651334,3.687443979,-5.150919415,0.849409952,-1.187163033,-0.407615278,0.002623986,-4.037053742,0.376927853,-1.765773728
2050,4.121170761,6.892083788,3.284098612,2.830769288,-1.224444513,8.065576434,-1.973614341,-0.037250781,1.029123572,-1.666653739,3.964049386,0.357486826,-3.241238365,-5.201711371,2.785725354,-1.855425369,3.463894601,8.651249973,-1.0566305,2.863179879,-2.86185548,-0.958424815,2.256658013,-0.288235478,2.406054971,3.536108168,2.44824124,-1.502392264,6.856287968,5.584726559,12.27458018,-2.246447329,-1.641660112,2.316174879,-1.395414927,0.810765227,-4.412391573,-4.70072274,3.103185272,-0.944843629,-3.609907136,3.217162431,2.927534105,-1.573389173,0.122760802
2051,0.135493818,2.724836937,4.27034201,2.377107892,1.335038761,1.546815175,1.284722473,-1.985835346,1.192944163,-0.061936951,1.420127705,2.700137111,-0.771580191,2.050854291,-1.118375944,1.027080239,-0.873777268,1.79170822,0.65930578,2.520074195,2.618568481,1.635073014,0.556289412,-2.204019547,-0.210286628,3.566920655,2.044578737,0.372745043,1.348021378,2.891861847,1.582486631,0.754711088,-3.545427282,0.287874419,-0.882836669,0.594984881,-0.005823196,4.184487201,2.209604882,1.64398149,2.172312619,-2.420903438,3.5331508,-1.577974796,3.447550799
2057,-2.488125214,0.845192636,0.014952716,-3.241908757,-2.606512573,-2.199707774,-0.633543744,-0.781703248,-1.822072955,0.092054513,-4.920443437,0.925612759,-3.791931356,0.108406789,-2.080267551,2.521365233,-0.305272182,-8.037503925,1.55939409,-2.340931971,-1.718175491,-0.307561363,-1.998055739,-0.265291512,0.900696206,0.200864616,2.556338988,-2.763175618,-0.416542712,-1.292105633,-0.715406368,-0.551666204,2.338045066,-1.775797441,0.417806679,-0.892288826,-2.129723564,-1.105270903,-2.370769969,-0.767362924,-2.44120245,0.478123294,-1.217723331,0.679449201,0.907528358
2058,1.488113422,5.628590794,3.223999574,5.081229307,0.323050752,7.988363986,5.29034777,0.492501731,2.14938109,0.482274672,-1.950866024,-0.171495189,-3.125393078,3.498428951,0.556970069,0.008807533,-6.013896801,3.600443378,0.358622477,-2.277156222,-0.223300028,0.558702163,-0.10619582,0.130013198,-1.301919992,-0.344962721,1.408840492,-4.861552346,6.498093543,-0.671376265,8.307635949,0.963916844,0.190010386,0.321426246,0.33979602,-3.619730748,-0.866659841,5.086288464,-3.047604776,0.047245824,-1.460139142,-7.177049815,0.451844096,0.961510599,1.28297594
2059,-2.168161319,0.374671062,1.391710851,2.874348357,5.244182735,-3.112527137,3.354519729,0.152928273,0.973823032,2.165426341,-1.954978266,1.657830328,-0.434331067,1.24572455,1.215176249,6.502749198,-1.048467393,-3.999724427,6.821692765,-0.549672423,3.894202971,1.700120931,-1.951992905,-0.350055024,4.326875349,0.99954512,2.641260372,1.608645822,2.539342098,0.975249482,-1.838388719,2.383353993,1.745759526,-2.87404522,3.523013736,4.514723782,0.92574523,5.191605511,-3.282074897,3.070155049,1.107649695,-0.332152956,2.077606736,5.429561138,5.17438315
2060,-0.453561154,1.996835537,-2.571521346,-4.133440474,2.282918464,2.130008381,-0.953237322,1.05553962,-1.025233558,0.256936727,-3.50980149,-3.97351778,-7.111439954,-1.616527983,-0.163226225,-4.139968339,1.121420608,-5.451005618,0.679444075,-4.680849363,1.504995255,-1.813204715,-8.759075604,-0.146834195,-2.109418995,-0.016867094,-0.900802553,-5.390107149,4.72240424,3.093306456,2.206781436,4.37959151,-0.844107466,-1.250047829,-2.55802814,-7.36881591,-3.482012382,-0.714000522,-5.480355656,-3.467632185,-1.420779955,1.424210465,-2.337523397,-3.204313278,1.849318071
2061,-0.728145372,-1.945555343,-1.612973268,-2.756019717,-2.557682458,-1.547442638,-2.01502595,-1.182211573,-1.062171613,-1.562978907,-1.012344296,-2.405810927,-1.847290842,0.691384378,-0.81018907,4.354791698,-0.336189285,-1.317059581,-2.711350534,-0.854508741,-2.280119629,-4.026606107,-0.096042654,-0.924073339,-0.914801939,-0.612497116,-2.075176856,-4.068401908,3.816678351,-1.302904536,-2.150114273,-0.649938848,-2.967750554,-0.200096445,-2.657641176,-3.627531675,-1.349619378,-1.178275382,-1.030679318,1.106511135,-5.8064359,-0.956978008,-0.927331422,-1.119309425,0.639449441
2062,1.269157846,5.751908726,0.681521627,2.628808208,7.509182936,4.147794395,-3.004237031,1.764081149,0.031938612,8.239621748,-5.048956267,-0.002222002,-0.658963821,0.966544971,-0.298769691,1.0975636,4.194586755,-0.391750849,-0.762296602,2.120893049,5.058382839,-0.553652074,1.929570768,3.853207827,2.98430547,-0.411475713,4.176226732,0.182082616,8.52640893,1.659569839,1.342259162,4.345454859,2.524695343,1.304936105,0.868085666,1.623576406,-1.047510473,2.093174776,0.176742771,0.506219107,1.243725706,4.688399774,0.342243911,11.45085144,1.183597799
2063,-0.667626242,2.228751941,-0.015298226,-0.807877798,-1.218143997,4.937518607,0.632481602,3.266519631,1.907093371,-0.794064779,2.923461265,-0.798251698,7.91284205,4.214152654,0.622183525,4.735566263,-5.947901272,1.035402374,-0.233702147,-0.891814969,0.189163695,-0.776887444,-5.2471583,-0.206938744,-3.685076615,0.704564335,-3.461887507,-3.188175638,-0.469034273,0.515935464,-0.268697156,1.00154483,1.139914952,-6.909572803,0.178386695,-3.914700504,9.145588777,3.84558563,-3.724760189,1.882563068,3.451583253,-8.021561022,-0.23044787,1.338151336,-0.252105266
2065,2.277585227,2.825629989,3.202060957,0.299971974,-1.442955991,3.439013446,1.842380564,0.73638161,2.131075046,-1.542745983,1.041225363,-0.408724548,3.162764158,-2.131032952,0.964125836,0.874058919,-1.277565656,0.259221491,-0.425815613,-1.256746974,-2.84950482,0.3692585,0.14425935,-0.058258448,0.426854632,-1.369991268,0.474201553,-0.701845825,2.45036858,0.424851912,2.873827688,-0.862836128,0.951551378,-0.163807728,1.002073014,-0.448124342,0.554439676,-3.190708194,0.711089124,-0.052149405,-1.134374331,-0.593656803,-1.187578057,1.762478113,2.889947593
2066,-0.925981083,1.072617091,3.162856614,3.191100929,-1.47662282,-3.467847504,1.239171413,5.212302494,2.505587674,1.469330592,2.649654361,2.45206749,0.391517578,1.4163827,3.29588133,0.217983929,6.456703028,3.929617929,6.884304547,2.659918283,-1.948096326,6.380583366,1.648796937,2.17741847,-1.985689663,1.614777699,0.346185555,2.152113033,5.44818274,0.974004651,-2.543915615,-0.980714997,5.150198519,1.219952209,0.32094336,0.503322216,0.638164551,-0.167816366,3.919604201,-0.091827823,-0.85249667,4.352447351,2.659929205,1.849076271,0.555529703
2067,0.839561714,0.212736935,-0.465620202,-0.086288115,2.129278954,-1.608005199,0.828184218,2.431514393,-0.439271365,1.265333288,-1.896881743,1.097738878,-0.567377745,0.865501139,1.193462697,-1.474377471,1.760042793,-1.967512922,2.95733622,-0.832631641,0.599334418,2.418680166,0.724704054,1.146236032,0.382180444,-0.343833212,-1.285475439,-1.161233349,1.583487511,-0.148082173,-0.99166934,0.167071611,4.297446902,-1.199895541,-1.547286307,-2.332796777,0.757850961,-3.117987062,-1.106417714,-1.839304954,-0.595443442,2.56615861,-0.618775074,0.688449919,1.909791638
2068,-3.086609106,1.001659783,0.266338036,-0.713269307,3.065142425,0.012978989,-0.994234163,0.782541014,-0.883839159,-0.563508572,1.458377689,-3.777507018,-3.673079463,-3.114174778,-1.060410442,-1.923375738,-0.797331715,-1.349421229,3.493749658,-0.748673948,5.854534966,2.240323365,-1.022122345,-4.429232597,-1.791705028,-0.821747804,-2.674974665,-1.938520738,7.301286985,1.290837492,-3.380134294,-0.421579226,0.578187052,-3.708894744,2.606109352,-4.378698766,-2.706314589,-5.88566192,-0.335193607,-2.587187603,3.956896401,6.844705681,-1.50119526,-0.012285594,-0.58895833
2069,-0.464180959,-1.529342052,0.99165042,-1.162839844,4.680055577,1.94051609,4.686140134,-0.793394342,0.611138822,0.763525614,1.475274649,-1.91879349,-0.72867205,-2.414214868,-1.08359001,-0.877296452,1.671997371,2.145087532,-1.048148574,-5.276996964,-3.733148546,-0.662950772,-2.478106619,-1.159960181,-1.003776526,-3.891454631,-5.151402068,-1.340388843,9.819871264,-4.168442017,3.558179639,0.865568089,0.254054447,-2.950326025,2.341117295,-2.437021964,0.095146689,-4.647626732,-2.051328436,1.581797204,-1.607493661,0.869170988,-2.451110991,0.922457218,0.500686047
2070,2.337683446,-4.197889653,0.855754517,-4.744780891,0.119448174,-1.489200948,-2.393885426,-0.602027631,-0.932530898,-5.52502564,8.984937312,3.558556281,8.34287295,0.779376918,-0.237426775,-2.025490936,-6.646680047,7.989306467,-4.348502017,2.032776884,-4.957366033,-3.639205165,-0.310535042,4.547401905,0.249765997,2.123277555,0.342686388,0.322181935,6.104490202,-2.93979881,-6.972580209,-1.153158237,-1.66822574,-4.082945307,-2.170725033,2.449328945,7.430200281,-2.371863013,-0.236324478,-2.529939659,-4.223076853,-3.829665037,-1.511886511,-1.41351676,-3.23529952
2071,-0.394335421,-0.272135494,3.794716787,-0.165425754,1.969781199,1.337840522,1.677740716,-2.504208688,-2.305893367,-1.365446148,-2.594791374,-2.906009472,-5.840842592,-4.23613387,-2.162446322,1.310231769,-1.232216238,-5.524016069,0.129063903,0.962624751,-5.617871397,-0.715102488,2.966182347,-2.252552629,-1.793599901,1.022774369,-0.801067908,0.643057281,3.285964608,1.609472315,0.524431861,-0.905577549,-2.073773184,-2.845301149,0.581551421,-0.628851402,-7.256295875,-3.931637855,0.225535385,-3.290612938,-10.00634055,-0.87607111,0.548082301,-2.285085917,-2.077169316
2078,-1.189115648,1.062549435,4.087383344,0.184109495,-1.863970197,5.556649263,-1.773011535,-1.805903741,1.279877102,-2.321237141,-10.37839694,1.159611939,-4.888508881,-0.735440277,-2.655208645,-0.746220753,-3.937854703,-7.22356472,-1.198952364,0.30194951,0.998148921,4.270389276,2.012730341,-0.637852699,-2.615462924,-1.110194052,0.994201017,1.066487428,0.562626671,1.604038055,13.52963735,-1.356044735,-0.968701269,3.570176738,-2.425507496,2.303261484,-6.34900525,-0.617765954,1.623737484,-3.231624669,-0.472413817,-2.027775205,0.104969415,1.330317259,1.238752492
2079,1.706462318,7.702472878,2.277335481,0.702721405,2.141432749,1.523351711,4.905789807,1.490233992,3.273090647,1.181608822,-2.827180504,1.511782636,6.056858524,0.828436531,-0.526070084,1.544094776,4.418934273,0.374566544,2.480653489,-1.204004689,0.168384144,2.996579045,-3.593692571,2.659396768,2.595317357,1.693052584,1.437958161,0.853799267,3.09906233,0.514236722,6.675483571,0.143544427,0.559630905,-0.243833745,2.362888614,0.154168689,5.632644842,2.62525161,0.782104886,-1.561656677,-1.592873527,2.971339875,-1.35624274,0.555295706,-0.660772319
2080,1.547102759,0.358059349,-3.336068072,-4.169791941,2.578938855,0.583400939,-0.985894822,1.269004566,-1.030343034,3.902559634,-4.597710495,-2.565983644,1.690367428,-0.450614865,1.027331811,0.269486997,3.135298059,-4.644275295,0.242951752,-5.555484499,-0.026548397,-0.903594232,-4.01808039,-1.369122505,0.901885447,-2.780694612,-0.559212998,0.312807832,4.936221817,-1.955467741,-2.200448616,2.486571389,0.306601087,0.389673816,-0.277293536,-3.629041805,-1.212825621,1.781531584,-1.806132653,-0.45976768,0.705491097,2.402213321,-4.97537214,2.374727726,-0.854009139
2081,-1.955535563,-0.62263534,0.144386628,-1.397160568,1.048784092,2.350556211,-1.253029249,3.206223041,-0.082799391,2.372622157,-0.451066814,-0.911186296,-2.244372436,3.224945913,0.959846734,0.363139777,0.270506329,-0.217158867,3.518389004,-2.038152593,-1.703140019,1.220926929,-4.044285087,0.63311547,-2.878571783,-0.785186836,-1.890190867,-2.141770913,5.96898177,0.226920199,-1.267511372,2.24518663,1.45912175,-1.975088964,-1.048547473,-5.296629298,-0.121001763,1.856240464,1.63240629,-0.24633524,-1.636730364,0.129515704,-3.553151399,1.332781553,1.011786543
2082,-8.289135627,0.762401165,-2.38076264,-0.793413964,-3.909435652,-3.241301921,-2.954445137,3.716560471,1.531381059,0.012113072,1.021131153,-1.333589566,-1.399564129,4.322700698,-0.856317485,2.089591215,1.950489323,1.474699624,-0.963948131,-0.201414666,-1.956332829,0.514138443,3.906982946,-2.778837442,-6.83081929,-2.078005817,-1.06473647,-1.401056776,7.250974942,-4.017615263,-3.918342074,-1.214226873,2.140508909,1.485006286,0.483905487,-0.527534008,-1.00884121,0.007092245,-1.985824353,1.447715556,-2.600648443,4.001998825,-4.952522139,-0.661053181,-4.273651782
2084,4.254922791,0.830050637,-0.975804747,-0.57172574,-1.044188064,1.963926258,-1.339206934,1.534531159,0.663145506,1.316967978,-2.185199717,-3.335858696,-0.02879281,-4.66701245,-0.400026202,-1.714188138,-1.927223282,-2.727247672,-0.611482631,-0.34802262,-1.152178865,-1.525248823,-1.957120747,-1.730752707,3.278054125,-1.256774157,0.125328941,-0.568820459,1.334272353,0.51246338,2.014997926,-0.585586811,0.234332317,0.839420468,1.903569071,-2.24385928,-0.480129745,-1.218966125,0.908900197,-0.006119541,-1.30794604,0.526539935,-2.810599646,0.425267935,-3.200087
2085,0.77707416,4.646805537,4.875052506,6.557979329,-0.437185523,2.848851245,8.925240796,2.241240078,5.239229615,1.686337164,0.913325039,6.422872264,-0.502426443,-0.044586991,0.470779771,2.35686828,4.198355332,-1.304129105,1.440537906,4.085172576,2.14166757,2.573912504,6.986172734,3.715330601,-1.802058551,4.309972493,4.739156696,5.845476059,8.107554379,0.379833952,4.173124904,3.406376976,4.566461661,0.804717604,3.797604635,2.744860513,1.414432321,2.962588002,2.476460706,2.474481544,-1.67701919,3.434762344,3.551065665,-0.288594753,0.719172857
2086,-3.063347867,1.88014339,2.342884853,-1.826272709,-3.012019825,6.342875881,2.435699927,0.090633201,0.705448964,-0.384120688,-5.51397982,0.371521831,4.147787316,0.528556024,-0.447983964,2.045809952,-4.57434176,-2.841089762,0.446176832,-4.028507178,1.207736453,0.382921263,2.341669613,0.789794803,0.566913802,-2.471771836,0.698863728,-3.16098378,5.640454733,-1.549616464,6.444812677,-0.95008426,-1.353621799,0.170424542,0.436228325,-0.572087046,4.082257172,-0.122892719,-0.319295656,-0.784276926,-2.67850463,-6.390011986,-0.476649116,0.070629716,-1.930668681
2089,-0.102755001,0.03000673,5.438760154,1.539560987,-1.784492759,-2.981039082,4.294273057,2.656377618,3.279584636,0.880858138,-0.961057223,1.394259555,4.020972893,2.162112738,1.828550091,1.819695689,0.199928906,3.570777585,0.803047802,-0.090535882,2.260531712,0.433358367,1.433120717,1.60837239,-0.714941762,-0.268369764,-0.34075549,1.676239381,6.04781148,4.809823485,-1.952808472,1.818669411,3.404839153,0.430253761,2.408098436,-0.440646506,3.290013726,3.370331761,1.642029088,-0.113292435,3.875188321,1.644692281,2.217457614,3.695100069,2.255040333
2090,-0.108143728,1.975755429,1.148333406,0.070735291,-1.57581478,-3.744654433,1.978060781,2.172794464,3.348509521,3.877631386,-2.66433226,-0.289041227,3.950791035,-0.213047709,0.693313904,2.471924653,1.621754967,-4.520729496,1.742285499,-1.50716377,2.87384765,0.189843781,-0.536103455,-0.76989913,-1.206592704,0.859293575,0.41747257,-1.921684431,3.814834792,1.270180905,0.453245138,-1.159618514,0.958766452,-3.168605933,-0.347573594,-0.56294206,1.528384626,-0.208439785,0.147710382,-0.864498698,0.129403297,1.780692842,-0.25719842,-1.919145584,0.691468153
2092,1.44545547,-1.612119004,0.2245134,-3.28918226,-1.898983077,-5.460567338,1.918796026,1.342713814,-0.08637897,-1.090822834,-1.522483253,0.910377478,-2.587126084,-2.636691471,3.03214109,0.368364021,-1.745912024,-1.752763741,-0.011795011,-1.074806974,-4.289955367,-0.974550403,-1.642476991,-3.742523909,-1.255323519,0.867516252,0.864151359,-2.086240255,-1.927199433,-0.851405077,-4.60275586,-0.921738525,2.210815938,-3.043240549,-0.984999402,-0.177557848,-0.939158199,-4.380372601,0.54381653,0.120590981,-4.23729904,-1.106008019,-1.721041945,-1.700384378,-2.210052894
2093,2.178275707,12.2429238,5.2261541,3.438599798,2.422746008,11.07539551,0.999494536,1.3052834,1.616472938,1.49987072,10.9616409,0.869907423,4.536971956,0.643018365,1.599712581,1.677253329,-0.276944264,11.85396573,4.249506496,3.52656301,0.405786669,2.823223109,3.258597036,-0.117457002,2.638124142,4.872055004,6.861283199,2.667393582,10.91487653,5.009459298,13.32005483,2.163990416,-0.349498583,5.224602212,0.071365467,0.570106619,2.861727436,-1.508901175,2.184794591,2.197844303,-2.67141895,-3.803993521,-0.901296464,2.167932987,2.952153013
2094,-2.946336524,0.502376809,-0.534943968,-3.348719307,-6.357051156,1.61517997,-3.311379646,-0.587391862,-4.117491421,-2.251058579,3.076582043,-3.216960843,-4.807361235,-5.789773245,-1.511151299,-1.768972087,-7.228788658,0.150619828,-0.829104214,-4.138480322,-5.573990208,-0.657306044,0.619823432,-2.442679048,-2.300505073,-5.253319739,-1.583581798,-4.051254589,6.183893182,-4.829120005,0.872697276,-1.397895877,0.082500428,-3.352133257,0.581773296,0.882733844,-4.466484464,-5.665457402,-7.409692436,-2.746212319,-7.920849447,-10.65222968,-1.643445984,2.433765173,-0.632729351
2095,2.981500654,5.407684452,6.336341977,5.088923269,1.463706625,3.517546956,-2.16204524,-0.258002834,2.931487269,-0.728025578,3.993579185,4.108817672,2.868679522,0.42022573,0.592517957,2.859653135,3.635044199,4.198357656,0.891664282,2.223965359,-0.920742085,2.244960039,2.870684597,-0.904584229,2.546025377,2.824722971,2.691623835,3.056050737,4.52637748,3.695475144,5.47907615,-0.540637177,0.270789351,-0.840056072,0.709733984,3.635469884,1.482338649,2.269158142,3.436018467,0.212082202,1.221494459,3.694220014,4.191611057,3.400824785,-0.644558732
2096,3.262678441,1.788489393,3.73831973,2.635317409,-1.563444584,3.153575202,-0.872816061,2.38566529,1.508756843,1.605565468,-3.338709823,1.41582486,5.057036396,0.281120986,3.211775791,2.353445183,2.235985487,-1.44309322,0.14658027,2.177403987,2.698129483,-3.164423107,-1.624489865,-0.680126667,1.591943846,4.423085649,2.22139588,0.157197681,7.537448497,2.960868957,2.645684313,0.026489559,0.799750169,2.196331764,3.59293067,1.052003209,5.967325311,0.182366585,0.848250897,0.88269231,2.270782595,4.246936005,0.131914036,1.278218269,1.64650789
2097,-4.784342194,1.329807845,0.688385342,-1.597203645,2.152777677,1.743046061,3.556925128,-3.288786405,-1.201328521,-3.139402724,0.055721639,-1.089335516,-3.241998274,-6.580206252,-0.205350721,0.715852177,0.506660781,2.870494103,0.570573677,1.612134448,-3.01030951,-1.219191197,1.491864937,-3.687503338,0.07404581,1.075636424,2.980585185,1.234380621,7.146665236,-0.110244768,6.287791036,-0.448396786,-2.3904505,0.718005195,-5.19136,1.694623596,-1.794701248,-1.231663384,-1.295632275,-0.191313155,-2.174172523,-2.536192736,-3.337209743,-2.243179083,-2.635453099
2098,-0.043273077,1.84185983,5.224588535,0.663459944,4.881626729,4.256430628,3.036010895,1.399744827,1.272568655,-2.322656074,3.565232551,2.26790818,5.992833506,3.200596917,-0.167982144,3.429621984,-4.454815272,3.670246889,2.764133475,0.326036487,1.662104502,-0.30571172,0.931238817,-0.183646619,2.389209302,0.363375135,1.10714335,1.378572975,11.0021463,2.618247158,4.297325666,4.107770572,4.556738542,-1.12440751,0.225248893,-0.486446053,6.544369143,4.316029838,0.464116949,0.35039237,3.532995358,-2.074766553,2.586221423,-0.780441999,-0.754609901
